image,plate
IMG_2720.JPG,B #### WZX
IMG_5704.JPG,AB #### LS
IMG_5705.JPG,F #### FBQ
IMG_5709.JPG,AB #### IW
IMG_5710.JPG,AB #### IW
IMG_5743.JPG,AB #### KR
IMG_5745.JPG,B #### PEP
IMG_5748.JPG,AB #### YR
IMG_5767.JPG,AB #### IX
IMG_5926.JPG,AB #### IX
IMG_5946.JPG,G #### PE
IMG_5957.JPG,K #### UG
IMG_5958.JPG,K #### UG
IMG_5961.JPG,AA #### EB
IMG_5964.JPG,AA #### EB
IMG_5974.JPG,AB #### PU
IMG_5989.JPG,G #### PE
IMG_5991.JPG,G #### PE
IMG_6077.JPG,B #### KFG
IMG_6081.JPG,AB #### IZ
IMG_6091.JPG,AB #### FP
IMG_6113.JPG,AB #### XB
IMG_6137.JPG,AB #### XB
IMG_6144.JPG,AB #### PZ
IMG_6167.JPG,B #### KFG
IMG_6180.JPG,AB #### XT
IMG_6189.JPG,AB #### XT
IMG_6192.JPG,AB #### XT
IMG_6194.JPG,AB #### XT
IMG_6195.JPG,AB #### XT
