image,plate,authorized
IMG_2720.JPG,B #### WZX,false
IMG_5704.JPG,AB #### LS,false
IMG_5705.JPG,F #### FBQ,false
IMG_5709.JPG,AB #### IW,false
IMG_5710.JPG,AB #### IW,false
IMG_5743.JPG,AB #### KR,false
IMG_5745.JPG,B #### PEP,false
IMG_5748.JPG,AB #### YR,false
IMG_5767.JPG,AB #### IX,false
IMG_5926.JPG,AB #### IX,false
IMG_5946.JPG,G #### PE,false
IMG_5957.JPG,K #### UG,false
IMG_5958.JPG,K #### UG,false
IMG_5961.JPG,AA #### EB,false
IMG_5964.JPG,AA #### EB,false
IMG_5974.JPG,AB #### PU,false
IMG_5989.JPG,G #### PE,false
IMG_5991.JPG,G #### PE,false
IMG_6077.JPG,B #### KFG,false
IMG_6081.JPG,AB #### IZ,false
IMG_6091.JPG,AB #### FP,false
IMG_6113.JPG,AB #### XB,false
IMG_6137.JPG,AB #### XB,false
IMG_6144.JPG,AB #### PZ,false
IMG_6167.JPG,B #### KFG,false
IMG_6180.JPG,AB #### XT,true
IMG_6189.JPG,AB #### XT,true
IMG_6192.JPG,AB #### XT,true
IMG_6194.JPG,AB #### XT,true
IMG_6195.JPG,AB #### XT,true
